"oid","tid","otid","bid","sku","x","y","z","l","d","h","w"
18085,6,"18085X6","K0001","5615646",7250,900,1140,950,300,1140,0
18085,6,"18085X6","K0001","5615647",6300,900,1140,950,300,1140,0
18085,8,"18085X8","K0001","5615648",6550,0,402,1120,950,134,0
18085,8,"18085X8","K0001","5615649",6550,0,268,1120,950,134,0
18085,8,"18085X8","K0001","5615650",6550,0,134,1120,950,134,0
18085,3,"18085X3","K0001","5615651",745,1200,1200,745,1200,1140,0
18085,8,"18085X8","K0001","5615652",6550,0,0,1120,950,134,0
18085,8,"18085X8","K0001","5615653",5210,0,2192,1120,950,134,0
18085,8,"18085X8","K0001","5615654",260,1660,0,960,260,1140,0
18085,8,"18085X8","K0001","5615655",260,1400,0,960,260,1140,0
18085,8,"18085X8","K0001","5615656",5210,0,2058,1120,950,134,0
18085,3,"18085X3","K0001","5615657",745,0,1200,745,1200,1140,0
18085,8,"18085X8","K0001","5615658",260,1140,1660,1140,960,260,0
18085,8,"18085X8","K0001","5615659",260,1140,1400,1140,960,260,0
18085,8,"18085X8","K0001","5615660",6416,0,1120,134,950,1120,0
18085,8,"18085X8","K0001","5615661",260,1140,1140,1140,960,260,0
18085,8,"18085X8","K0001","5615662",260,1140,0,960,260,1140,0
18085,3,"18085X3","K0001","5615663",745,1140,0,745,1140,1200,0
18085,8,"18085X8","K0001","5615664",260,0,1560,960,1140,260,0
18085,8,"18085X8","K0001","5615665",260,0,1300,960,1140,260,0
18085,8,"18085X8","K0001","5615666",260,0,1040,960,1140,260,0
18085,8,"18085X8","K0001","5615667",260,0,780,960,1140,260,0
18085,8,"18085X8","K0001","5615668",260,0,520,960,1140,260,0
18085,8,"18085X8","K0001","5615669",260,0,260,960,1140,260,0
18085,8,"18085X8","K0001","5615670",260,0,0,960,1140,260,0
18085,8,"18085X8","K0001","5615671",0,2360,1140,960,260,1140,0
18085,8,"18085X8","K0001","5625963",6416,0,0,134,950,1120,0
18085,8,"18085X8","K0001","5625964",6282,0,804,134,950,1120,0
18085,7,"18085X7","K0001","5625965",1510,280,0,950,280,1140,0
18085,7,"18085X7","K0001","5625966",1510,0,0,950,280,1140,0
18085,8,"18085X8","K0001","5625967",6148,0,804,134,950,1120,0
18085,3,"18085X3","K0001","5625968",745,0,0,745,1140,1200,0
18085,8,"18085X8","K0001","5625969",6014,0,804,134,950,1120,0
18085,6,"18085X6","K0001","5625970",5350,900,1140,950,300,1140,0
18085,8,"18085X8","K0001","5625971",0,2360,0,960,260,1140,0
18085,8,"18085X8","K0001","5625972",0,2100,1140,960,260,1140,0
18085,8,"18085X8","K0001","5625973",5880,0,804,134,950,1120,0
18085,3,"18085X3","K0001","5625974",0,1200,1200,745,1200,1140,0
18085,8,"18085X8","K0001","5625975",5746,0,804,134,950,1120,0
18085,8,"18085X8","K0001","5625976",0,2100,0,960,260,1140,0
18085,3,"18085X3","K0001","5625977",0,0,1200,745,1200,1140,0
18085,8,"18085X8","K0001","5625978",0,960,1920,960,1140,260,0
18085,8,"18085X8","K0001","5625979",5612,0,804,134,950,1120,0
18085,8,"18085X8","K0001","5625980",0,960,960,260,1140,960,0
18085,8,"18085X8","K0001","5625981",0,960,0,260,1140,960,0
18085,8,"18085X8","K0001","5625982",0,0,1140,260,960,1140,0
18085,8,"18085X8","K0001","5625983",0,0,0,260,960,1140,0
18085,7,"18085X7","K0001","5625984",10400,960,960,1140,260,960,0
18085,7,"18085X7","K0001","5625985",9440,960,960,960,260,1140,0
18085,7,"18085X7","K0001","5625986",8300,960,960,1140,260,960,0
18085,7,"18085X7","K0001","5625987",10560,2180,0,1140,260,960,0
18085,7,"18085X7","K0001","5625988",9600,2180,0,960,260,1140,0
18085,7,"18085X7","K0001","5625989",11680,1220,0,260,960,1140,0
18085,8,"18085X8","K0001","5637151",5478,0,804,134,950,1120,0
18085,2,"18085X2","K0001","5637152",3720,0,0,1140,300,1550,0
18085,8,"18085X8","K0001","5637153",5210,0,1924,1120,950,134,0
18085,8,"18085X8","K0001","5637154",5344,0,804,134,950,1120,0
18085,7,"18085X7","K0001","5637155",1230,1900,0,950,280,1140,0
18085,8,"18085X8","K0001","5637156",5210,0,804,134,950,1120,0
18085,1,"18085X1","K0001","5637157",7580,1040,0,1120,1570,260,0
18085,8,"18085X8","K0001","5637158",3240,1620,0,280,480,1140,0
18085,2,"18085X2","K0001","5637159",2580,0,0,1140,300,1550,0
18085,7,"18085X7","K0001","5637160",1230,0,1140,950,1140,280,0
18085,6,"18085X6","K0001","5637161",4400,900,1140,950,300,1140,0
18085,8,"18085X8","K0001","5637164",5210,0,670,1120,950,134,0
18085,7,"18085X7","K0001","5637165",1230,950,0,280,950,1140,0
18085,2,"18085X2","K0001","5637166",1440,0,0,1140,300,1550,0
18085,8,"18085X8","K0001","5637169",2100,2100,1040,1140,280,480,0
18085,1,"18085X1","K0001","5637172",4040,0,1800,1120,2240,360,0
18085,7,"18085X7","K0001","5637174",11420,1220,0,260,960,1140,0
18085,7,"18085X7","K0001","5637175",11160,1220,0,260,960,1140,0
18085,8,"18085X8","K0001","5637176",2100,1620,2000,1140,480,280,0
18085,7,"18085X7","K0001","5637177",10900,1220,0,260,960,1140,0
18085,8,"18085X8","K0001","5637180",5210,0,536,1120,950,134,0
18085,7,"18085X7","K0001","5637181",10640,1220,0,260,960,1140,0
18085,7,"18085X7","K0001","5637182",10380,1220,0,260,960,1140,0
18085,8,"18085X8","K0001","5637183",3120,0,1440,1140,280,480,0
18085,7,"18085X7","K0001","5637184",10120,1220,0,260,960,1140,0
18085,7,"18085X7","K0001","5637187",9860,1220,0,260,960,1140,0
18085,7,"18085X7","K0001","5637188",9600,1220,0,260,960,1140,0
18085,8,"18085X8","K0001","5637189",3120,0,960,1140,280,480,0
18085,7,"18085X7","K0001","5637190",10840,960,0,1140,260,960,0
18085,7,"18085X7","K0001","5637192",9700,960,0,1140,260,960,0
18085,8,"18085X8","K0001","5637194",3120,0,480,1140,280,480,0
18085,7,"18085X7","K0001","5637195",9340,1220,0,260,1140,960,0
18085,7,"18085X7","K0001","5637196",9080,1220,0,260,1140,960,0
18085,7,"18085X7","K0001","5637197",8820,1220,0,260,1140,960,0
18085,1,"18085X1","K0001","5637198",4040,0,1440,1120,2240,360,0
18085,7,"18085X7","K0001","5637199",8560,1220,0,260,1140,960,0
18085,8,"18085X8","K0001","5637200",3120,0,0,1140,280,480,0
18085,1,"18085X1","K0001","5637201",4040,0,1080,1120,2240,360,0
18085,7,"18085X7","K0001","5637202",8560,960,0,1140,260,960,0
18085,7,"18085X7","K0001","5637203",7850,2360,1140,960,260,1140,0
18085,7,"18085X7","K0001","5637204",8390,2360,0,960,260,1140,0
18085,7,"18085X7","K0001","5637205",7250,2360,0,1140,260,960,0
18085,7,"18085X7","K0001","5637206",6890,2360,960,960,260,1140,0
18085,7,"18085X7","K0001","5637207",5930,2360,960,960,260,1140,0
18085,7,"18085X7","K0001","5637208",4970,2360,960,960,260,1140,0
18085,7,"18085X7","K0001","5637209",6310,2100,960,960,260,1140,0
18085,7,"18085X7","K0001","5637210",8300,960,0,260,1140,960,0
18085,7,"18085X7","K0001","5637211",7340,1220,2080,1140,960,260,0
18085,7,"18085X7","K0001","5637212",7340,1220,1820,1140,960,260,0
18085,5,"18085X5","K0001","5637213",9740,0,0,1140,560,1200,0
18085,6,"18085X6","K0001","5637214",3450,900,1140,950,300,1140,0
18085,6,"18085X6","K0001","5637215",11050,600,1140,950,300,1140,0
18085,7,"18085X7","K0001","5637216",1230,0,0,280,950,1140,0
18085,6,"18085X6","K0001","5637217",10100,600,1140,950,300,1140,0
18085,6,"18085X6","K0001","5637218",9150,600,1140,950,300,1140,0
18085,5,"18085X5","K0001","5637222",8600,0,0,1140,560,1200,0
18085,7,"18085X7","K0001","5637223",280,0,1960,1140,950,280,0
18085,7,"18085X7","K0001","5637224",280,0,1680,1140,950,280,0
18085,6,"18085X6","K0001","5637225",8200,600,1140,950,300,1140,0
18085,6,"18085X6","K0001","5637229",7250,600,1140,950,300,1140,0
18085,7,"18085X7","K0001","5637230",280,1140,1420,1140,950,280,0
18085,6,"18085X6","K0001","5637231",6300,600,1140,950,300,1140,0
18085,6,"18085X6","K0001","5637232",5350,600,1140,950,300,1140,0
18085,6,"18085X6","K0001","5637234",4400,600,1140,950,300,1140,0
18085,8,"18085X8","K0001","5637236",5210,0,402,1120,950,134,0
18085,8,"18085X8","K0001","5637237",2540,0,2000,1140,480,280,0
18085,6,"18085X6","K0001","5637238",3450,600,1140,950,300,1140,0
18085,6,"18085X6","K0001","5637239",11050,300,1140,950,300,1140,0
18085,6,"18085X6","K0001","5637240",10100,300,1140,950,300,1140,0
18085,3,"18085X3","K0001","5637243",0,1140,0,745,1140,1200,0
18085,7,"18085X7","K0001","5637244",280,1700,0,950,280,1140,0
18085,6,"18085X6","K0001","5637245",9150,300,1140,950,300,1140,0
18085,6,"18085X6","K0001","5637246",8200,300,1140,950,300,1140,0
18085,6,"18085X6","K0001","5637247",7250,300,1140,950,300,1140,0
18085,6,"18085X6","K0001","5637248",6300,300,1140,950,300,1140,0
18085,6,"18085X6","K0001","5637249",5350,300,1140,950,300,1140,0
18085,6,"18085X6","K0001","5637250",4400,300,1140,950,300,1140,0
18085,3,"18085X3","K0001","5637252",0,0,0,745,1140,1200,0
18085,6,"18085X6","K0001","5637253",3450,300,1140,950,300,1140,0
18085,6,"18085X6","K0001","5637254",11050,0,1140,950,300,1140,0
18085,6,"18085X6","K0001","5637255",10100,0,1140,950,300,1140,0
18085,8,"18085X8","K0001","5637256",2540,1320,1520,280,1140,480,0
18085,2,"18085X2","K0001","5637257",9545,1200,745,1200,1140,745,0
18085,8,"18085X8","K0001","5637258",2100,480,2000,480,1140,280,0
18085,2,"18085X2","K0001","5637259",8345,1200,745,1200,1140,745,0
18085,6,"18085X6","K0001","5637260",9150,0,1140,950,300,1140,0
18085,8,"18085X8","K0001","5637261",960,1800,2000,1140,480,280,0
18085,6,"18085X6","K0001","5637262",8200,0,1140,950,300,1140,0
18085,2,"18085X2","K0001","5637263",7600,1200,745,745,1140,1200,0
18085,6,"18085X6","K0001","5637264",7250,0,1140,950,300,1140,0
18085,8,"18085X8","K0001","5637265",1400,1800,1520,1140,280,480,0
18085,8,"18085X8","K0001","5637266",1400,1320,1520,1140,480,280,0
18085,1,"18085X1","K0001","5637267",7580,780,0,1120,260,1570,0
18085,6,"18085X6","K0001","5637269",6300,0,1140,950,300,1140,0
18085,8,"18085X8","K0001","5637270",2260,0,1040,280,480,1140,0
18085,6,"18085X6","K0001","5637271",5350,0,1140,950,300,1140,0
18085,2,"18085X2","K0001","5637272",6855,1200,745,745,1140,1200,0
18085,6,"18085X6","K0001","5637273",4400,0,1140,950,300,1140,0
18085,8,"18085X8","K0001","5637275",2640,0,0,480,280,1140,0
18085,6,"18085X6","K0001","5637276",3450,0,1140,950,300,1140,0
18085,6,"18085X6","K0001","5637277",2850,2150,0,950,300,1140,0
18085,6,"18085X6","K0001","5637279",1900,2150,0,950,300,1140,0
18085,6,"18085X6","K0001","5637280",950,2150,0,950,300,1140,0
18085,8,"18085X8","K0001","5637281",1980,480,1520,1140,280,480,0
18085,8,"18085X8","K0001","5637282",1980,480,1040,1140,280,480,0
18085,6,"18085X6","K0001","5637283",2500,1500,1140,950,300,1140,0
18085,6,"18085X6","K0001","5637284",2500,1200,1140,950,300,1140,0
18085,6,"18085X6","K0001","5637286",2500,900,1140,950,300,1140,0
18085,6,"18085X6","K0001","5637287",2500,600,1140,950,300,1140,0
18085,8,"18085X8","K0001","5637288",1980,0,1040,280,480,1140,0
18085,8,"18085X8","K0001","5637289",1500,1680,1040,1140,280,480,0
18085,6,"18085X6","K0001","5637290",2500,300,1140,950,300,1140,0
18085,6,"18085X6","K0001","5637291",2500,0,1140,950,300,1140,0
18085,8,"18085X8","K0001","5637292",1500,1400,1040,1140,280,480,0
18085,6,"18085X6","K0001","5637293",2200,1900,1140,950,300,1140,0
18085,6,"18085X6","K0001","5637294",2200,950,1140,300,950,1140,0
18085,6,"18085X6","K0001","5637295",2200,0,1140,300,950,1140,0
18085,6,"18085X6","K0001","5637296",1250,2040,1140,950,300,1140,0
18085,8,"18085X8","K0001","5637297",1500,840,1520,1140,480,280,0
18085,6,"18085X6","K0001","5637298",1250,900,1140,950,1140,300,0
18085,6,"18085X6","K0001","5637299",1250,600,1140,950,300,1140,0
18085,6,"18085X6","K0001","5637300",1250,300,1140,950,300,1140,0
18085,6,"18085X6","K0001","5637301",1250,0,1140,950,300,1140,0
18085,6,"18085X6","K0001","5637302",11700,1200,0,300,950,1140,0
18085,6,"18085X6","K0001","5637303",11400,1200,0,300,950,1140,0
18085,6,"18085X6","K0001","5637304",11100,1200,0,300,950,1140,0
18085,6,"18085X6","K0001","5637305",10800,1200,0,300,950,1140,0
18085,6,"18085X6","K0001","5637306",10500,1200,0,300,950,1140,0
18085,6,"18085X6","K0001","5637307",10200,1200,0,300,950,1140,0
18085,6,"18085X6","K0001","5637308",9900,1200,0,300,950,1140,0
18085,6,"18085X6","K0001","5637309",9600,1200,0,300,950,1140,0
18085,6,"18085X6","K0001","5637310",9300,1200,0,300,950,1140,0
18085,6,"18085X6","K0001","5637311",9000,1200,0,300,950,1140,0
18085,6,"18085X6","K0001","5637312",8700,1200,0,300,950,1140,0
18085,6,"18085X6","K0001","5637313",8400,1200,0,300,950,1140,0
18085,6,"18085X6","K0001","5637314",8100,1200,0,300,950,1140,0
18085,6,"18085X6","K0001","5637315",7800,1200,0,300,950,1140,0
18085,6,"18085X6","K0001","5637316",7500,1200,0,300,950,1140,0
18085,1,"18085X1","K0001","5637317",7580,520,0,1120,260,1570,0
18085,6,"18085X6","K0001","5637318",7200,1200,0,300,950,1140,0
18085,1,"18085X1","K0001","5637319",7580,260,0,1120,260,1570,0
18085,6,"18085X6","K0001","5637320",6900,1200,0,300,950,1140,0
18085,6,"18085X6","K0001","5637321",6600,1200,0,300,950,1140,0
18085,6,"18085X6","K0001","5637322",6300,1200,0,300,950,1140,0
18085,6,"18085X6","K0001","5637324",6000,1200,0,300,950,1140,0
18085,6,"18085X6","K0001","5637326",5700,1200,0,300,950,1140,0
18085,2,"18085X2","K0001","5637327",6110,1200,745,745,1140,1200,0
18085,1,"18085X1","K0001","5637329",7580,0,0,1120,260,1570,0
18085,8,"18085X8","K0001","5637330",5210,0,268,1120,950,134,0
18085,8,"18085X8","K0001","5637332",5210,0,134,1120,950,134,0
18085,8,"18085X8","K0001","5637334",5210,0,0,1120,950,134,0
18085,8,"18085X8","K0001","5637336",4260,134,1120,950,134,1120,0
18085,8,"18085X8","K0001","5637337",4260,0,1120,950,134,1120,0
18085,5,"18085X5","K0001","5637338",7460,0,1760,1140,1200,560,0
18085,8,"18085X8","K0001","5637339",4260,134,0,950,134,1120,0
18085,8,"18085X8","K0001","5637341",4260,0,0,950,134,1120,0
18085,6,"18085X6","K0001","5637344",5400,1200,0,300,950,1140,0
18085,5,"18085X5","K0001","5637347",7460,0,1200,1140,1200,560,0
18085,8,"18085X8","K0001","5637349",3590,280,950,1120,134,950,0
18085,6,"18085X6","K0001","5637350",5100,1200,0,300,950,1140,0
18085,6,"18085X6","K0001","5637351",4800,1200,0,300,950,1140,0
18085,2,"18085X2","K0001","5637352",10910,1200,0,745,1140,1200,0
18085,6,"18085X6","K0001","5637353",4500,1200,0,300,950,1140,0
18085,6,"18085X6","K0001","5637354",4200,1200,0,300,950,1140,0
18085,6,"18085X6","K0001","5637355",3900,1200,0,300,950,1140,0
18085,6,"18085X6","K0001","5637356",3600,1200,0,300,950,1140,0
18085,8,"18085X8","K0001","5637357",3590,280,0,1120,134,950,0
18085,5,"18085X5","K0001","5637362",7460,0,0,1140,560,1200,0
18085,6,"18085X6","K0001","5637363",3300,1200,0,300,950,1140,0
18085,6,"18085X6","K0001","5637364",3000,1200,0,300,950,1140,0
18085,6,"18085X6","K0001","5637365",2700,1200,0,300,950,1140,0
18085,5,"18085X5","K0001","5637368",6320,0,1760,1140,1200,560,0
18085,6,"18085X6","K0001","5637370",2400,1200,0,300,950,1140,0
18085,5,"18085X5","K0001","5637373",6320,0,1200,1140,1200,560,0
18085,6,"18085X6","K0001","5637376",2100,1200,0,300,950,1140,0
18085,5,"18085X5","K0001","5637377",6320,0,0,1140,560,1200,0
18085,5,"18085X5","K0001","5637379",5180,0,1760,1140,1200,560,0
18085,5,"18085X5","K0001","5637383",5180,0,1200,1140,1200,560,0
18085,8,"18085X8","K0001","5637384",2640,280,0,950,134,1120,0
18085,5,"18085X5","K0001","5637385",5180,0,0,1140,560,1200,0
18085,8,"18085X8","K0001","5637387",2540,2460,960,950,134,1120,0
18085,8,"18085X8","K0001","5637388",260,1920,0,950,134,1120,0
18085,8,"18085X8","K0001","5637390",0,960,2180,950,1120,134,0
18085,8,"18085X8","K0001","5637391",3654,1620,0,134,950,1120,0
18085,8,"18085X8","K0001","5637393",3520,1620,0,134,950,1120,0
18085,5,"18085X5","K0001","5637399",4040,0,1760,1140,1200,560,0
18085,5,"18085X5","K0001","5637400",4040,0,1200,1140,1200,560,0
18085,5,"18085X5","K0001","5637403",4040,0,0,1140,560,1200,0
18085,5,"18085X5","K0001","5637404",2840,0,1140,1200,560,1140,0
18085,5,"18085X5","K0001","5637405",2840,0,0,1200,560,1140,0
18085,5,"18085X5","K0001","5637406",1700,0,0,1140,560,1200,0
18085,5,"18085X5","K0001","5637407",560,0,1200,1200,560,1140,0
18085,5,"18085X5","K0001","5637408",560,0,0,1140,560,1200,0
18085,5,"18085X5","K0001","5637409",0,1200,1200,560,1200,1140,0
18085,6,"18085X6","K0001","5649137",1800,1200,0,300,950,1140,0
18085,7,"18085X7","K0001","5649138",6040,2440,0,1120,134,950,0
18085,1,"18085X1","K0001","5649139",7320,0,0,260,1120,1570,0
18085,8,"18085X8","K0001","5649140",1500,1120,1040,1140,280,480,0
18085,2,"18085X2","K0001","5649141",300,1800,0,1140,300,1550,0
18085,7,"18085X7","K0001","5649142",7340,1220,1560,1140,960,260,0
18085,6,"18085X6","K0001","5649143",1500,1200,0,300,950,1140,0
18085,2,"18085X2","K0001","5649144",300,1500,0,1140,300,1550,0
18085,6,"18085X6","K0001","5649145",11050,900,0,950,300,1140,0
18085,8,"18085X8","K0001","5649146",1500,840,1040,1140,280,480,0
18085,2,"18085X2","K0001","5649147",300,1200,0,1140,300,1550,0
18085,7,"18085X7","K0001","5649148",7340,1220,1300,1140,960,260,0
18085,7,"18085X7","K0001","5649149",4920,2440,0,1120,134,950,0
18085,7,"18085X7","K0001","5649150",3970,2440,1120,950,134,1120,0
18085,2,"18085X2","K0001","5649151",300,900,0,1140,300,1550,0
18085,7,"18085X7","K0001","5649152",3970,2440,0,950,134,1120,0
18085,6,"18085X6","K0001","5649153",10100,900,0,950,300,1140,0
18085,7,"18085X7","K0001","5649154",280,1420,0,950,280,1140,0
18085,7,"18085X7","K0001","5649155",3020,2440,1120,950,134,1120,0
18085,7,"18085X7","K0001","5649156",7340,1220,1040,1140,960,260,0
18085,7,"18085X7","K0001","5649157",280,1140,1140,1140,950,280,0
18085,7,"18085X7","K0001","5649158",3020,2440,0,950,134,1120,0
18085,7,"18085X7","K0001","5649159",9950,0,2180,950,1120,134,0
18085,2,"18085X2","K0001","5649160",9710,1200,0,1200,1140,745,0
18085,2,"18085X2","K0001","5649161",8510,1200,0,1200,1140,745,0
18085,7,"18085X7","K0001","5649162",7340,2100,0,1140,260,960,0
18085,8,"18085X8","K0001","5649163",1500,560,1040,480,280,1140,0
18085,7,"18085X7","K0001","5649164",9000,0,2180,950,1120,134,0
18085,8,"18085X8","K0001","5649165",1500,280,1040,480,280,1140,0
18085,8,"18085X8","K0001","5649166",1500,0,1040,480,280,1140,0
18085,8,"18085X8","K0001","5649167",1500,1960,560,1140,280,480,0
18085,7,"18085X7","K0001","5649168",7340,960,1040,960,260,1140,0
18085,7,"18085X7","K0001","5649169",7340,960,780,960,1140,260,0
18085,7,"18085X7","K0001","5649170",7340,960,520,960,1140,260,0
18085,7,"18085X7","K0001","5649171",7340,960,260,960,1140,260,0
18085,6,"18085X6","K0001","5649172",9150,900,0,950,300,1140,0
18085,2,"18085X2","K0001","5649173",7310,1200,0,1200,1140,745,0
18085,7,"18085X7","K0001","5649174",7340,960,0,960,1140,260,0
18085,7,"18085X7","K0001","5649175",7080,960,1220,260,1140,960,0
18085,7,"18085X7","K0001","5649176",6820,960,1220,260,1140,960,0
18085,2,"18085X2","K0001","5649177",6110,1200,0,1200,1140,745,0
18085,7,"18085X7","K0001","5649178",7080,960,260,260,1140,960,0
18085,7,"18085X7","K0001","5649179",6820,960,260,260,1140,960,0
18085,2,"18085X2","K0001","5649180",5365,1200,0,745,1140,1200,0
18085,7,"18085X7","K0001","5649181",5680,960,520,1140,960,260,0
18085,7,"18085X7","K0001","5649182",5680,960,260,1140,960,260,0
18085,7,"18085X7","K0001","5649183",6310,960,0,960,1140,260,0
18085,2,"18085X2","K0001","5649184",11215,0,745,745,1200,1140,0
18085,7,"18085X7","K0001","5649185",6110,2180,0,1140,260,960,0
18085,7,"18085X7","K0001","5649186",4970,2180,0,1140,260,960,0
18085,7,"18085X7","K0001","5649187",4010,2180,0,960,260,1140,0
18085,7,"18085X7","K0001","5649188",5170,1140,1220,1140,960,260,0
18085,7,"18085X7","K0001","5649189",4210,1140,1220,960,1140,260,0
18085,7,"18085X7","K0001","5649190",5170,2100,960,1140,260,960,0
18085,7,"18085X7","K0001","5649191",5170,1140,960,1140,960,260,0
18085,7,"18085X7","K0001","5649192",5170,1920,0,1140,260,960,0
18085,7,"18085X7","K0001","5649193",5170,960,0,1140,960,260,0
18085,7,"18085X7","K0001","5649194",4210,1920,0,960,260,1140,0
18085,7,"18085X7","K0001","5649195",4210,960,0,260,960,1140,0
18085,7,"18085X7","K0001","5649196",280,1140,0,950,280,1140,0
18085,7,"18085X7","K0001","5649197",280,0,1400,950,1140,280,0
18085,2,"18085X2","K0001","5649198",300,600,0,1140,300,1550,0
18085,2,"18085X2","K0001","5649199",300,300,0,1140,300,1550,0
18085,7,"18085X7","K0001","5649200",280,0,1120,950,1140,280,0
18085,6,"18085X6","K0001","5649201",8200,900,0,950,300,1140,0
18085,5,"18085X5","K0001","5649202",0,0,1200,560,1200,1140,0
18085,7,"18085X7","K0001","5649203",3690,960,1920,960,1140,260,0
18085,1,"18085X1","K0001","5649204",4040,0,720,1120,2240,360,0
18085,7,"18085X7","K0001","5649205",280,0,840,950,1140,280,0
18085,1,"18085X1","K0001","5649206",4040,0,360,1120,2240,360,0
18085,7,"18085X7","K0001","5649207",8050,0,2180,950,1120,134,0
18085,7,"18085X7","K0001","5649208",280,0,560,950,1140,280,0
18085,7,"18085X7","K0001","5649209",7100,0,2180,950,1120,134,0
18085,2,"18085X2","K0001","5649210",10470,0,745,745,1200,1140,0
18085,2,"18085X2","K0001","5649211",9725,0,745,745,1200,1140,0
18085,7,"18085X7","K0001","5649212",3950,960,960,260,1140,960,0
18085,2,"18085X2","K0001","5649213",8980,0,745,745,1200,1140,0
18085,7,"18085X7","K0001","5649214",280,0,280,950,1140,280,0
18085,2,"18085X2","K0001","5649215",300,0,0,1140,300,1550,0
18085,7,"18085X7","K0001","5649216",3690,960,960,260,1140,960,0
18085,7,"18085X7","K0001","5649217",280,0,0,950,1140,280,0
18085,1,"18085X1","K0001","5649218",4040,0,0,1120,2240,360,0
18085,1,"18085X1","K0001","5649219",3360,2240,0,1120,360,2240,0
18085,7,"18085X7","K0001","5649220",3950,960,0,260,1140,960,0
18085,7,"18085X7","K0001","5649221",3690,960,0,260,1140,960,0
18085,7,"18085X7","K0001","5649222",2070,2440,0,950,134,1120,0
18085,2,"18085X2","K0001","5649223",0,2280,0,1140,300,1550,0
18085,2,"18085X2","K0001","5649224",0,1140,0,300,1140,1550,0
18085,1,"18085X1","K0001","5649225",3680,1120,0,360,1120,2240,0
18085,7,"18085X7","K0001","5649226",950,2440,950,1120,134,950,0
18085,7,"18085X7","K0001","5649227",0,2370,1140,950,280,1140,0
18085,1,"18085X1","K0001","5649228",3680,0,0,360,1120,2240,0
18085,2,"18085X2","K0001","5649229",8235,0,745,745,1200,1140,0
18085,1,"18085X1","K0001","5649230",3320,1120,0,360,1120,2240,0
18085,2,"18085X2","K0001","5649231",7490,0,745,745,1200,1140,0
18085,7,"18085X7","K0001","5649232",3050,2180,1140,960,260,1140,0
18085,2,"18085X2","K0001","5649233",6745,0,745,745,1200,1140,0
18085,7,"18085X7","K0001","5649234",3050,2180,0,960,260,1140,0
18085,1,"18085X1","K0001","5649235",3320,0,0,360,1120,2240,0
18085,2,"18085X2","K0001","5649236",6000,0,745,745,1200,1140,0
18085,7,"18085X7","K0001","5649237",2090,2180,1140,960,260,1140,0
18085,2,"18085X2","K0001","5649238",4620,1200,0,745,1140,1200,0
18085,2,"18085X2","K0001","5649239",10560,0,0,1140,1200,745,0
18085,1,"18085X1","K0001","5649240",2240,2240,0,1120,360,2240,0
18085,7,"18085X7","K0001","5649241",2090,2180,0,960,260,1140,0
18085,2,"18085X2","K0001","5649242",0,0,0,300,1140,1550,0
18085,2,"18085X2","K0001","5649243",9420,0,0,1140,1200,745,0
18085,7,"18085X7","K0001","5649244",950,2180,960,1140,260,960,0
18085,7,"18085X7","K0001","5649245",950,2180,0,1140,260,960,0
18085,2,"18085X2","K0001","5649246",8280,0,0,1140,1200,745,0
18085,1,"18085X1","K0001","5649247",11690,0,0,300,1140,1550,0
18085,7,"18085X7","K0001","5649248",10540,0,1920,1140,960,260,0
18085,2,"18085X2","K0001","5649249",7140,0,0,1140,1200,745,0
18085,1,"18085X1","K0001","5649250",11390,0,0,300,1140,1550,0
18085,7,"18085X7","K0001","5649251",10540,0,1660,1140,960,260,0
18085,6,"18085X6","K0001","5649252",7250,900,0,950,300,1140,0
18085,7,"18085X7","K0001","5649253",9400,0,1920,1140,960,260,0
18085,7,"18085X7","K0001","5649254",9400,0,1660,1140,960,260,0
18085,7,"18085X7","K0001","5649255",8260,0,1920,1140,960,260,0
18085,7,"18085X7","K0001","5649256",8260,0,1660,1140,960,260,0
18085,1,"18085X1","K0001","5649257",9840,600,1140,1550,300,1140,0
18085,7,"18085X7","K0001","5649258",7120,0,1920,1140,960,260,0
18085,7,"18085X7","K0001","5649259",7120,0,1660,1140,960,260,0
18085,7,"18085X7","K0001","5649260",5980,0,1920,1140,960,260,0
18085,1,"18085X1","K0001","5649261",9840,600,0,1550,300,1140,0
18085,7,"18085X7","K0001","5649262",5980,0,1660,1140,960,260,0
18085,7,"18085X7","K0001","5649263",4840,0,2080,1140,960,260,0
18085,1,"18085X1","K0001","5649264",9840,300,1140,1550,300,1140,0
18085,7,"18085X7","K0001","5649265",4840,0,1820,1140,960,260,0
18085,7,"18085X7","K0001","5649266",3700,0,2080,1140,960,260,0
18085,7,"18085X7","K0001","5649267",3700,0,1820,1140,960,260,0
18085,7,"18085X7","K0001","5649268",0,2370,0,950,280,1140,0
18085,1,"18085X1","K0001","5649269",9840,300,0,1550,300,1140,0
18085,7,"18085X7","K0001","5649270",950,960,2080,1140,960,260,0
18085,7,"18085X7","K0001","5649271",2560,0,2080,1140,960,260,0
18085,1,"18085X1","K0001","5649272",9840,0,1140,1550,300,1140,0
18085,7,"18085X7","K0001","5649273",2560,0,1820,1140,960,260,0
18085,7,"18085X7","K0001","5649274",1420,0,2080,1140,960,260,0
18085,1,"18085X1","K0001","5649275",9840,0,0,1550,300,1140,0
18085,7,"18085X7","K0001","5649276",1420,0,1820,1140,960,260,0
18085,7,"18085X7","K0001","5649277",4470,0,1560,960,1140,260,0
18085,1,"18085X1","K0001","5649278",8700,600,0,1140,300,1550,0
18085,7,"18085X7","K0001","5649279",3330,0,1560,1140,960,260,0
18085,8,"18085X8","K0001","5649280",1500,1680,560,1140,280,480,0
18085,7,"18085X7","K0001","5649281",2550,1220,1560,1140,960,260,0
18085,7,"18085X7","K0001","5649282",2550,1220,1300,1140,960,260,0
18085,1,"18085X1","K0001","5649283",8700,300,0,1140,300,1550,0
18085,7,"18085X7","K0001","5649284",2550,960,1300,1140,260,960,0
18085,5,"18085X5","K0001","5649285",0,1140,0,560,1140,1200,0
18085,7,"18085X7","K0001","5649286",2550,960,1040,1140,960,260,0
18085,6,"18085X6","K0001","5649287",6300,900,0,950,300,1140,0
18085,1,"18085X1","K0001","5649288",8700,0,0,1140,300,1550,0
18085,7,"18085X7","K0001","5649289",2550,960,780,1140,960,260,0
18085,1,"18085X1","K0001","5649290",5160,1550,1570,1550,1140,300,0
18085,7,"18085X7","K0001","5649291",2550,960,520,1140,960,260,0
18085,7,"18085X7","K0001","5649292",0,2090,1140,950,280,1140,0
18085,1,"18085X1","K0001","5649293",7010,1380,0,300,1140,1550,0
18085,7,"18085X7","K0001","5649294",2550,960,260,1140,960,260,0
18085,7,"18085X7","K0001","5649295",2550,960,0,1140,960,260,0
18085,7,"18085X7","K0001","5649296",2190,0,1560,1140,960,260,0
18085,7,"18085X7","K0001","5649297",2180,1920,0,960,260,1140,0
18085,7,"18085X7","K0001","5649298",1420,1920,1140,960,260,1140,0
18085,7,"18085X7","K0001","5649299",2290,960,1140,260,960,1140,0
18085,7,"18085X7","K0001","5649300",0,2090,0,950,280,1140,0
18085,7,"18085X7","K0001","5649301",2290,960,0,260,960,1140,0
18085,6,"18085X6","K0001","5649302",5350,900,0,950,300,1140,0
18085,6,"18085X6","K0001","5649303",4400,900,0,950,300,1140,0
18085,8,"18085X8","K0001","5649304",1500,1400,560,1140,280,480,0
18085,8,"18085X8","K0001","5649305",1500,1120,560,1140,280,480,0
18085,6,"18085X6","K0001","5649306",3450,900,0,950,300,1140,0
18085,6,"18085X6","K0001","5649307",2500,900,0,950,300,1140,0
18085,7,"18085X7","K0001","5649308",0,950,1900,950,1140,280,0
18085,6,"18085X6","K0001","5649309",1550,900,0,950,300,1140,0
18085,6,"18085X6","K0001","5649310",11050,600,0,950,300,1140,0
18085,7,"18085X7","K0001","5649311",9020,0,1400,1140,960,260,0
18085,6,"18085X6","K0001","5649312",10100,600,0,950,300,1140,0
18085,7,"18085X7","K0001","5649313",0,950,950,280,1140,950,0
18085,7,"18085X7","K0001","5649314",7880,0,1400,1140,960,260,0
18085,6,"18085X6","K0001","5649315",9150,600,0,950,300,1140,0
18085,7,"18085X7","K0001","5649316",0,950,0,280,1140,950,0
18085,7,"18085X7","K0001","5649317",6740,0,1400,1140,960,260,0
18085,6,"18085X6","K0001","5649318",8200,600,0,950,300,1140,0
18085,8,"18085X8","K0001","5649319",1500,840,560,1140,280,480,0
18085,7,"18085X7","K0001","5649320",0,0,1140,280,950,1140,0
18085,6,"18085X6","K0001","5649321",7250,600,0,950,300,1140,0
18085,6,"18085X6","K0001","5649322",6300,600,0,950,300,1140,0
18085,7,"18085X7","K0001","5649323",0,0,0,280,950,1140,0
18085,6,"18085X6","K0001","5649324",10830,2150,0,950,280,1140,0
18085,6,"18085X6","K0001","5649325",5350,600,0,950,300,1140,0
18085,6,"18085X6","K0001","5649326",4400,600,0,950,300,1140,0
18085,6,"18085X6","K0001","5649327",3450,600,0,950,300,1140,0
18085,7,"18085X7","K0001","5649328",5600,0,1400,1140,960,260,0
18085,6,"18085X6","K0001","5649329",9880,2150,0,950,280,1140,0
18085,6,"18085X6","K0001","5649330",2500,600,0,950,300,1140,0
18085,6,"18085X6","K0001","5649331",1550,600,0,950,300,1140,0
18085,6,"18085X6","K0001","5649332",8930,2150,0,950,280,1140,0
18085,6,"18085X6","K0001","5649333",7980,2150,0,950,280,1140,0
18085,6,"18085X6","K0001","5649334",11050,300,0,950,300,1140,0
18085,7,"18085X7","K0001","5649335",11760,0,1140,260,960,1140,0
18085,6,"18085X6","K0001","5649336",10100,300,0,950,300,1140,0
18085,6,"18085X6","K0001","5649337",7030,2150,1140,950,280,1140,0
18085,6,"18085X6","K0001","5649338",9150,300,0,950,300,1140,0
18085,6,"18085X6","K0001","5649339",8200,300,0,950,300,1140,0
18085,6,"18085X6","K0001","5649340",7030,2150,0,950,280,1140,0
18085,6,"18085X6","K0001","5649341",5890,2150,950,1140,280,950,0
18085,7,"18085X7","K0001","5649342",11760,0,0,260,960,1140,0
18085,6,"18085X6","K0001","5649343",7250,300,0,950,300,1140,0
18085,6,"18085X6","K0001","5649344",6300,300,0,950,300,1140,0
18085,6,"18085X6","K0001","5649345",5350,300,0,950,300,1140,0
18085,6,"18085X6","K0001","5649346",4400,300,0,950,300,1140,0
18085,6,"18085X6","K0001","5649347",5890,2150,0,1140,280,950,0
18085,1,"18085X1","K0001","5649348",7060,0,0,260,1120,1570,0
18085,6,"18085X6","K0001","5649349",3450,300,0,950,300,1140,0
18085,6,"18085X6","K0001","5649350",4750,2150,950,1140,280,950,0
18085,7,"18085X7","K0001","5649351",10620,0,1300,1140,960,260,0
18085,6,"18085X6","K0001","5649352",2500,300,0,950,300,1140,0
18085,6,"18085X6","K0001","5649353",1550,300,0,950,300,1140,0
18085,6,"18085X6","K0001","5649354",11050,0,0,950,300,1140,0
18085,6,"18085X6","K0001","5649355",4750,2150,0,1140,280,950,0
18085,6,"18085X6","K0001","5649356",10100,0,0,950,300,1140,0
18085,6,"18085X6","K0001","5649357",1900,2340,1140,1140,280,950,0
18085,7,"18085X7","K0001","5649358",10620,0,1040,1140,960,260,0
18085,6,"18085X6","K0001","5649359",3800,2150,0,950,280,1140,0
18085,6,"18085X6","K0001","5649360",9150,0,0,950,300,1140,0
18085,6,"18085X6","K0001","5649361",8200,0,0,950,300,1140,0
18085,6,"18085X6","K0001","5649362",7250,0,0,950,300,1140,0
18085,6,"18085X6","K0001","5649363",950,2410,1140,950,280,1140,0
18085,7,"18085X7","K0001","5649364",10620,0,780,1140,960,260,0
18085,8,"18085X8","K0001","5649365",1500,560,560,1140,280,480,0
18085,1,"18085X1","K0001","5649366",6800,0,0,260,1120,1570,0
18085,6,"18085X6","K0001","5649367",6300,0,0,950,300,1140,0
18085,6,"18085X6","K0001","5649368",5350,0,0,950,300,1140,0
18085,6,"18085X6","K0001","5649369",3150,2150,1140,950,280,1140,0
18085,7,"18085X7","K0001","5649370",10620,0,520,1140,960,260,0
18085,6,"18085X6","K0001","5649371",11060,2130,1140,950,280,1140,0
18085,6,"18085X6","K0001","5649372",4400,0,0,950,300,1140,0
18085,6,"18085X6","K0001","5649373",3450,0,0,950,300,1140,0
18085,6,"18085X6","K0001","5649374",10110,2130,1140,950,280,1140,0
18085,6,"18085X6","K0001","5649375",2500,0,0,950,300,1140,0
18085,6,"18085X6","K0001","5649376",9160,2130,1140,950,280,1140,0
18085,8,"18085X8","K0001","5649377",1500,280,560,1140,280,480,0
18085,7,"18085X7","K0001","5649378",10620,0,260,1140,960,260,0
18085,6,"18085X6","K0001","5649379",1550,0,0,950,300,1140,0
18085,6,"18085X6","K0001","5649380",8210,2130,1140,950,280,1140,0
18085,6,"18085X6","K0001","5649381",1250,0,0,300,1140,950,0
18085,6,"18085X6","K0001","5649382",1200,1140,0,300,950,1140,0
18085,6,"18085X6","K0001","5649383",11060,1850,1140,950,280,1140,0
18085,6,"18085X6","K0001","5649384",10110,1850,1140,950,280,1140,0
18085,7,"18085X7","K0001","5649385",10360,0,260,260,960,1140,0
18085,6,"18085X6","K0001","5649386",900,1140,0,300,950,1140,0
18085,6,"18085X6","K0001","5649387",600,1140,0,300,950,1140,0
18085,6,"18085X6","K0001","5649388",9160,1850,1140,950,280,1140,0
18085,6,"18085X6","K0001","5649389",300,1140,0,300,950,1140,0
18085,6,"18085X6","K0001","5649390",300,900,1500,1140,950,300,0
18085,7,"18085X7","K0001","5649391",10100,0,260,260,960,1140,0
18085,6,"18085X6","K0001","5649392",8210,1850,1140,950,280,1140,0
18085,6,"18085X6","K0001","5649393",11670,900,1140,280,950,1140,0
18085,8,"18085X8","K0001","5649394",1500,0,560,1140,280,480,0
18085,6,"18085X6","K0001","5649395",300,900,1200,950,1140,300,0
18085,6,"18085X6","K0001","5649396",300,600,1200,950,300,1140,0
18085,7,"18085X7","K0001","5649397",9840,0,260,260,960,1140,0
18085,6,"18085X6","K0001","5649398",300,300,1200,950,300,1140,0
18085,6,"18085X6","K0001","5649399",300,0,1200,950,300,1140,0
18085,6,"18085X6","K0001","5649400",11390,900,1140,280,950,1140,0
18085,6,"18085X6","K0001","5649401",11110,900,1140,280,950,1140,0
18085,8,"18085X8","K0001","5649402",1500,1920,280,1140,480,280,0
18085,6,"18085X6","K0001","5649403",300,0,900,950,1140,300,0
18085,7,"18085X7","K0001","5649404",9580,0,260,260,960,1140,0
18085,6,"18085X6","K0001","5649405",300,0,600,950,1140,300,0
18085,6,"18085X6","K0001","5649406",300,0,300,950,1140,300,0
18085,6,"18085X6","K0001","5649407",10830,900,1140,280,950,1140,0
18085,8,"18085X8","K0001","5649408",1500,1440,280,1140,480,280,0
18085,6,"18085X6","K0001","5649409",10550,900,1140,280,950,1140,0
18085,6,"18085X6","K0001","5649410",10270,900,1140,280,950,1140,0
18085,6,"18085X6","K0001","5649411",300,0,0,950,1140,300,0
18085,6,"18085X6","K0001","5649412",0,2390,1140,950,300,1140,0
18085,6,"18085X6","K0001","5649413",9990,900,1140,280,950,1140,0
18085,6,"18085X6","K0001","5649414",9710,900,1140,280,950,1140,0
18085,6,"18085X6","K0001","5649415",9430,900,1140,280,950,1140,0
18085,6,"18085X6","K0001","5649416",9150,900,1140,280,950,1140,0
18085,8,"18085X8","K0001","5649417",1500,960,280,1140,480,280,0
18085,8,"18085X8","K0001","5649418",1500,480,280,1140,480,280,0
18085,6,"18085X6","K0001","5649419",0,2390,0,950,300,1140,0
18085,6,"18085X6","K0001","5649420",8200,900,1140,950,280,1140,0
18085,8,"18085X8","K0001","5649421",1500,0,280,1140,480,280,0
18085,6,"18085X6","K0001","5649422",7930,1200,1140,280,950,1140,0
18085,6,"18085X6","K0001","5649423",0,2090,1140,950,300,1140,0
18085,8,"18085X8","K0001","5649424",1500,1920,0,1140,480,280,0
18085,6,"18085X6","K0001","5649425",0,2090,0,950,300,1140,0
18085,6,"18085X6","K0001","5649426",7650,1200,1140,280,950,1140,0
18085,6,"18085X6","K0001","5649427",0,950,1900,950,1140,300,0
18085,1,"18085X1","K0001","5649428",6540,0,0,260,1120,1570,0
18085,6,"18085X6","K0001","5649429",7370,1200,1140,280,950,1140,0
18085,8,"18085X8","K0001","5649430",1500,1440,0,1140,480,280,0
18085,6,"18085X6","K0001","5649431",0,950,950,300,1140,950,0
18085,6,"18085X6","K0001","5649432",7090,1200,1140,280,950,1140,0
18085,8,"18085X8","K0001","5649433",1500,960,0,1140,480,280,0
18085,6,"18085X6","K0001","5649434",0,950,0,300,1140,950,0
18085,6,"18085X6","K0001","5649435",6810,1200,1140,280,950,1140,0
18085,6,"18085X6","K0001","5649436",6530,1200,1140,280,950,1140,0
18085,6,"18085X6","K0001","5649437",0,0,1140,300,950,1140,0
18085,8,"18085X8","K0001","5649438",1500,480,0,1140,480,280,0
18085,8,"18085X8","K0001","5649439",1500,0,0,1140,480,280,0
18085,6,"18085X6","K0001","5649440",0,0,0,300,950,1140,0
18085,6,"18085X6","K0001","5649441",6250,1200,1140,280,950,1140,0
18085,6,"18085X6","K0001","5649442",5970,1200,1140,280,950,1140,0
18085,5,"18085X5","K0001","5649443",10960,2150,0,950,300,1140,0
18085,5,"18085X5","K0001","5649444",10960,1850,0,950,300,1140,0
18085,6,"18085X6","K0001","5649445",5690,1200,1140,280,950,1140,0
18085,5,"18085X5","K0001","5649446",10960,1550,0,950,300,1140,0
18085,5,"18085X5","K0001","5649447",11560,600,0,300,950,1140,0
18085,1,"18085X1","K0001","5649448",6280,1120,0,1120,260,1570,0
18085,5,"18085X5","K0001","5649449",11260,600,0,300,950,1140,0
18085,6,"18085X6","K0001","5649450",5410,1200,1140,280,950,1140,0
18085,6,"18085X6","K0001","5649451",5130,1200,1140,280,950,1140,0
18085,5,"18085X5","K0001","5649452",10960,600,0,300,950,1140,0
18085,5,"18085X5","K0001","5649453",10660,1510,0,300,950,1140,0
18085,6,"18085X6","K0001","5649454",4850,1200,1140,280,950,1140,0
18085,8,"18085X8","K0001","5649455",1440,2400,480,1140,280,480,0
18085,5,"18085X5","K0001","5649456",10360,1510,0,300,950,1140,0
18085,6,"18085X6","K0001","5649457",4570,1200,1140,280,950,1140,0
18085,5,"18085X5","K0001","5649458",10060,1510,0,300,950,1140,0
18085,8,"18085X8","K0001","5649459",1440,2400,0,1140,280,480,0
18085,6,"18085X6","K0001","5649460",4290,1200,1140,280,950,1140,0
18085,5,"18085X5","K0001","5649461",9110,2110,0,950,300,1140,0
18085,8,"18085X8","K0001","5649462",960,1320,1920,1140,480,280,0
18085,5,"18085X5","K0001","5649463",9110,1810,0,950,300,1140,0
18085,7,"18085X7","K0001","5649464",9320,0,260,260,960,1140,0
18085,5,"18085X5","K0001","5649465",8160,2110,0,950,300,1140,0
18085,8,"18085X8","K0001","5649466",960,840,1980,1140,480,280,0
18085,6,"18085X6","K0001","5649467",4010,1200,1140,280,950,1140,0
18085,7,"18085X7","K0001","5649468",950,2440,0,1120,134,950,0
18085,5,"18085X5","K0001","5649469",0,0,0,560,1140,1200,0
18085,5,"18085X5","K0001","5649470",8160,1810,0,950,300,1140,0
18085,4,"18085X4","K0001","5649471",10800,1120,560,1140,1200,560,0
18085,7,"18085X7","K0001","5649472",5980,0,2180,1120,950,134,0
18085,2,"18085X2","K0001","5649473",6000,0,0,1140,1200,745,0
18085,4,"18085X4","K0001","5649474",9660,1120,560,1140,1200,560,0
18085,7,"18085X7","K0001","5649475",5590,960,2180,950,1120,134,0
18085,7,"18085X7","K0001","5649476",5590,960,1220,1120,134,950,0
18085,7,"18085X7","K0001","5649477",9060,0,260,260,960,1140,0
18085,7,"18085X7","K0001","5649478",4640,960,2180,950,1120,134,0
18085,4,"18085X4","K0001","5649479",8520,1120,560,1140,1200,560,0
18085,7,"18085X7","K0001","5649480",3690,960,2180,950,1120,134,0
18085,7,"18085X7","K0001","5649481",8800,0,260,260,960,1140,0
18085,7,"18085X7","K0001","5649482",5680,960,780,1120,950,134,0
18085,7,"18085X7","K0001","5649483",4470,960,0,134,950,1120,0
18085,4,"18085X4","K0001","5649484",7380,1120,560,1140,1200,560,0
18085,7,"18085X7","K0001","5649485",10720,2540,0,950,134,1120,0
18085,7,"18085X7","K0001","5649486",8540,0,260,260,960,1140,0
18085,2,"18085X2","K0001","5649489",3325,300,0,1140,745,1200,0
18085,7,"18085X7","K0001","5649490",8280,0,260,260,960,1140,0
18085,7,"18085X7","K0001","5649491",9600,2540,0,1120,134,950,0
18085,4,"18085X4","K0001","5649492",6240,1120,560,1140,1200,560,0
18085,7,"18085X7","K0001","5649493",0,950,2180,950,1120,134,0
18085,8,"18085X8","K0001","5649494",960,2100,1700,1140,480,280,0
18085,4,"18085X4","K0001","5649495",5100,1120,560,1140,1200,560,0
18085,8,"18085X8","K0001","5649496",960,2100,1420,1140,480,280,0
18085,4,"18085X4","K0001","5649497",3960,1120,560,1140,1200,560,0
18085,6,"18085X6","K0001","5649498",950,900,2202,1120,950,134,0
18085,4,"18085X4","K0001","5649499",2820,1120,560,1140,1200,560,0
18085,4,"18085X4","K0001","5649500",1680,1120,560,1140,1200,560,0
18085,4,"18085X4","K0001","5649502",10800,1120,0,1140,1200,560,0
18085,5,"18085X5","K0001","5649503",7210,2110,0,950,300,1140,0
18085,7,"18085X7","K0001","5649505",8020,0,260,260,960,1140,0
18085,7,"18085X7","K0001","5649506",7760,0,260,260,960,1140,0
18085,4,"18085X4","K0001","5649507",9660,1120,0,1140,1200,560,0
18085,6,"18085X6","K0001","5649508",950,900,2068,1120,950,134,0
18085,4,"18085X4","K0001","5649509",8520,1120,0,1140,1200,560,0
18085,7,"18085X7","K0001","5649511",7500,0,260,260,960,1140,0
18085,4,"18085X4","K0001","5649513",7380,1120,0,1140,1200,560,0
18085,7,"18085X7","K0001","5649514",7240,0,260,260,960,1140,0
18085,7,"18085X7","K0001","5649516",6980,0,260,260,960,1140,0
18085,4,"18085X4","K0001","5649517",6240,1120,0,1140,1200,560,0
18085,7,"18085X7","K0001","5649518",6720,0,260,260,960,1140,0
18085,7,"18085X7","K0001","5649519",6460,0,260,260,960,1140,0
18085,7,"18085X7","K0001","5649520",6200,0,260,260,960,1140,0
18085,6,"18085X6","K0001","5649521",950,900,1934,1120,950,134,0
18085,4,"18085X4","K0001","5649522",5100,1120,0,1140,1200,560,0
18085,7,"18085X7","K0001","5649523",5940,0,260,260,960,1140,0
18085,6,"18085X6","K0001","5649524",950,950,1800,1120,950,134,0
18085,4,"18085X4","K0001","5649525",3960,1120,0,1140,1200,560,0
18085,6,"18085X6","K0001","5649526",0,950,2200,950,1120,134,0
18085,4,"18085X4","K0001","5649527",2820,1120,0,1140,1200,560,0
18085,6,"18085X6","K0001","5649528",11070,2564,1120,950,134,1120,0
18085,4,"18085X4","K0001","5649529",1680,1120,0,1140,1200,560,0
18085,4,"18085X4","K0001","5649531",1120,1120,1200,560,1200,1140,0
18085,4,"18085X4","K0001","5649532",560,1120,1200,560,1200,1140,0
18085,7,"18085X7","K0001","5649533",5680,0,260,260,960,1140,0
18085,4,"18085X4","K0001","5649534",1120,1120,0,560,1140,1200,0
18085,4,"18085X4","K0001","5649535",560,1120,0,560,1140,1200,0
18085,7,"18085X7","K0001","5649536",10340,0,0,1140,960,260,0
18085,4,"18085X4","K0001","5649537",10880,560,0,1140,560,1200,0
18085,4,"18085X4","K0001","5649539",9680,560,1140,1200,560,1140,0
18085,7,"18085X7","K0001","5649540",9200,0,0,1140,960,260,0
18085,6,"18085X6","K0001","5649541",11070,2430,1120,950,134,1120,0
18085,4,"18085X4","K0001","5649542",9680,560,0,1200,560,1140,0
18085,7,"18085X7","K0001","5649543",8060,0,0,1140,960,260,0
18085,4,"18085X4","K0001","5649544",8540,560,0,1140,560,1200,0
18085,4,"18085X4","K0001","5649546",7400,560,0,1140,560,1200,0
18085,7,"18085X7","K0001","5649547",6920,0,0,1140,960,260,0
18085,4,"18085X4","K0001","5649548",6260,560,0,1140,560,1200,0
18085,4,"18085X4","K0001","5649549",5120,560,0,1140,560,1200,0
18085,6,"18085X6","K0001","5649550",10120,2564,960,950,134,1120,0
18085,4,"18085X4","K0001","5649551",3980,560,0,1140,560,1200,0
18085,4,"18085X4","K0001","5649552",2320,560,1200,1200,560,1140,0
18085,4,"18085X4","K0001","5649553",2840,560,0,1140,560,1200,0
18085,4,"18085X4","K0001","5649554",1760,0,1200,560,1200,1140,0
18085,6,"18085X6","K0001","5649555",10120,2430,1120,950,134,1120,0
18085,6,"18085X6","K0001","5649556",2850,2450,0,950,134,1120,0
18085,4,"18085X4","K0001","5649557",560,560,1200,1200,560,1140,0
18085,6,"18085X6","K0001","5649558",1900,2450,0,950,134,1120,0
18085,4,"18085X4","K0001","5649559",1700,560,0,1140,560,1200,0
18085,6,"18085X6","K0001","5649560",950,2450,0,950,134,1120,0
18085,4,"18085X4","K0001","5649561",560,560,0,1140,560,1200,0
18085,6,"18085X6","K0001","5649562",11080,2564,0,950,134,1120,0
18085,6,"18085X6","K0001","5649563",11080,2430,0,950,134,1120,0
18085,5,"18085X5","K0001","5649564",11860,0,1120,134,1120,950,0
18085,5,"18085X5","K0001","5649565",10700,0,2100,1120,950,134,0
18085,5,"18085X5","K0001","5649566",10660,560,0,134,950,1120,0
18085,4,"18085X4","K0001","5649567",11000,0,1200,560,1200,1140,0
18085,5,"18085X5","K0001","5649568",560,1160,2100,950,1120,134,0
18085,5,"18085X5","K0001","5649569",9910,860,0,134,950,1120,0
18085,5,"18085X5","K0001","5649570",11860,600,0,134,950,1120,0
18085,4,"18085X4","K0001","5649571",2570,2508,1120,950,134,1120,0
18085,4,"18085X4","K0001","5649572",2570,2374,1120,950,134,1120,0
18085,4,"18085X4","K0001","5649573",3300,1254,1120,134,1120,950,0
18085,4,"18085X4","K0001","5649574",3166,1254,1120,134,1120,950,0
18085,4,"18085X4","K0001","5649575",3032,1254,1120,134,1120,950,0
18085,4,"18085X4","K0001","5649576",2898,1254,1120,134,1120,950,0
18085,4,"18085X4","K0001","5649577",2764,1254,1120,134,1120,950,0
18085,4,"18085X4","K0001","5649578",2630,1254,1120,134,1120,950,0
18085,4,"18085X4","K0001","5649579",1680,2058,1120,950,134,1120,0
18085,4,"18085X4","K0001","5649580",1680,1924,1120,950,134,1120,0
18085,5,"18085X5","K0001","5649581",7210,1810,0,950,300,1140,0
18085,4,"18085X4","K0001","5649582",1680,1790,1120,950,134,1120,0
18085,5,"18085X5","K0001","5649583",6260,2110,0,950,300,1140,0
18085,4,"18085X4","K0001","5649584",1680,1656,1120,950,134,1120,0
18085,5,"18085X5","K0001","5649585",6260,1810,0,950,300,1140,0
18085,4,"18085X4","K0001","5649586",1680,1522,1120,950,134,1120,0
18085,4,"18085X4","K0001","5649587",1680,1388,1120,950,134,1120,0
18085,4,"18085X4","K0001","5649588",1680,1254,1120,950,134,1120,0
18085,4,"18085X4","K0001","5649589",2570,1120,1120,950,134,1120,0
18085,5,"18085X5","K0001","5649590",5310,2110,0,950,300,1140,0
18085,4,"18085X4","K0001","5649591",1620,2454,1120,950,134,1120,0
18085,4,"18085X4","K0001","5649592",1620,2320,1120,950,134,1120,0
18085,5,"18085X5","K0001","5649593",5310,1810,0,950,300,1140,0
18085,5,"18085X5","K0001","5649594",4360,2110,0,950,300,1140,0
18085,5,"18085X5","K0001","5649595",4360,1810,0,950,300,1140,0
18085,4,"18085X4","K0001","5649596",10640,2454,0,950,134,1120,0
18085,5,"18085X5","K0001","5649597",3410,2110,0,950,300,1140,0
18085,4,"18085X4","K0001","5649598",10640,2320,0,950,134,1120,0
18085,5,"18085X5","K0001","5649599",3410,1810,0,950,300,1140,0
18085,4,"18085X4","K0001","5649600",9690,2454,0,950,134,1120,0
18085,5,"18085X5","K0001","5649601",2460,2110,1140,950,300,1140,0
18085,4,"18085X4","K0001","5649602",9690,2320,0,950,134,1120,0
18085,5,"18085X5","K0001","5649603",2460,1810,1140,950,300,1140,0
18085,4,"18085X4","K0001","5649604",8740,2454,0,950,134,1120,0
18085,5,"18085X5","K0001","5649605",2460,2110,0,950,300,1140,0
18085,4,"18085X4","K0001","5649606",8740,2320,0,950,134,1120,0
18085,5,"18085X5","K0001","5649607",2460,1810,0,950,300,1140,0
18085,4,"18085X4","K0001","5649608",7790,2454,0,950,134,1120,0
18085,4,"18085X4","K0001","5649609",7790,2320,0,950,134,1120,0
18085,4,"18085X4","K0001","5649610",6840,2454,0,950,134,1120,0
18085,4,"18085X4","K0001","5649611",6840,2320,0,950,134,1120,0
18085,4,"18085X4","K0001","5662051",5890,2454,0,950,134,1120,0
18085,1,"18085X1","K0001","5662052",6280,0,0,260,1120,1570,0
18085,4,"18085X4","K0001","5662053",5890,2320,0,950,134,1120,0
18085,4,"18085X4","K0001","5662054",4940,2454,0,950,134,1120,0
18085,8,"18085X8","K0001","5662055",960,2100,1140,1140,480,280,0
18085,6,"18085X6","K0001","5662056",3730,1200,1140,280,950,1140,0
18085,1,"18085X1","K0001","5662058",6710,1550,0,300,1140,1550,0
18085,5,"18085X5","K0001","5662059",1510,2110,1140,950,300,1140,0
18085,5,"18085X5","K0001","5662060",1510,2110,0,950,300,1140,0
18085,1,"18085X1","K0001","5662061",5160,1550,1870,1550,1140,300,0
18085,1,"18085X1","K0001","5662063",5160,0,1870,1140,1550,300,0
18085,6,"18085X6","K0001","5662064",3450,1200,1140,280,950,1140,0
18085,4,"18085X4","K0001","5662065",4940,2320,0,950,134,1120,0
18085,8,"18085X8","K0001","5662066",960,2400,0,480,280,1140,0
18085,1,"18085X1","K0001","5662067",5160,0,1570,1140,1550,300,0
18085,4,"18085X4","K0001","5662069",3990,2454,0,950,134,1120,0
18085,7,"18085X7","K0001","5662071",5780,0,0,1140,960,260,0
18085,7,"18085X7","K0001","5662072",5420,0,260,260,1140,960,0
18085,4,"18085X4","K0001","5662074",3990,2320,0,950,134,1120,0
18085,4,"18085X4","K0001","5662075",3040,2454,0,950,134,1120,0
18085,7,"18085X7","K0001","5662077",5160,0,260,260,1140,960,0
18085,7,"18085X7","K0001","5662079",4900,0,260,260,1140,960,0
18085,8,"18085X8","K0001","5662081",1220,1920,0,280,480,1140,0
18085,8,"18085X8","K0001","5662086",1220,1440,0,280,480,1140,0
18085,1,"18085X1","K0001","5662088",8000,2240,260,1550,300,1140,0
18085,7,"18085X7","K0001","5662089",4640,0,260,260,1140,960,0
18085,4,"18085X4","K0001","5662090",3040,2320,0,950,134,1120,0
18085,8,"18085X8","K0001","5662091",1220,960,0,280,480,1140,0
18085,7,"18085X7","K0001","5662092",4640,0,0,1140,960,260,0
18085,7,"18085X7","K0001","5662098",4460,0,1300,1140,960,260,0
18085,8,"18085X8","K0001","5662100",1220,480,0,280,480,1140,0
18085,7,"18085X7","K0001","5662101",3320,0,1300,1140,960,260,0
18085,7,"18085X7","K0001","5662106",3500,0,1040,1140,960,260,0
18085,7,"18085X7","K0001","5662109",3500,0,780,1140,960,260,0
18085,7,"18085X7","K0001","5662112",3500,0,520,1140,960,260,0
18085,7,"18085X7","K0001","5662116",3500,0,260,1140,960,260,0
18085,7,"18085X7","K0001","5662119",3500,0,0,1140,960,260,0
18085,1,"18085X1","K0001","5662166",8000,1940,260,1140,300,1550,0
18085,7,"18085X7","K0001","5662169",3240,0,0,260,960,1140,0
18085,4,"18085X4","K0001","5662170",2090,2454,0,950,134,1120,0
18085,1,"18085X1","K0001","5662171",2960,1120,0,360,1120,2240,0
18085,1,"18085X1","K0001","5662172",2960,0,0,360,1120,2240,0
18085,7,"18085X7","K0001","5662173",2980,0,0,260,960,1140,0
18085,4,"18085X4","K0001","5662174",9800,0,1200,1200,560,1140,0
18085,2,"18085X2","K0001","5662175",2185,300,0,1140,745,1200,0
18085,4,"18085X4","K0001","5662176",2090,2320,0,950,134,1120,0
18085,5,"18085X5","K0001","5662177",3710,1510,1140,300,950,1140,0
18085,5,"18085X5","K0001","5662178",8550,2410,0,950,280,1140,0
18085,7,"18085X7","K0001","5662179",2720,0,0,260,960,1140,0
18085,2,"18085X2","K0001","5662180",1440,1500,0,745,1140,1200,0
18085,5,"18085X5","K0001","5662182",3410,1510,1140,300,950,1140,0
18085,5,"18085X5","K0001","5662184",7600,2410,0,950,280,1140,0
18085,2,"18085X2","K0001","5662189",1440,300,0,745,1200,1140,0
18085,1,"18085X1","K0001","5662190",1840,0,1800,1120,2240,360,0
18085,4,"18085X4","K0001","5662191",0,2540,1120,950,134,1120,0
18085,7,"18085X7","K0001","5662192",2180,0,1140,1140,960,260,0
18085,2,"18085X2","K0001","5662194",4860,0,0,1140,745,1200,0
18085,1,"18085X1","K0001","5662196",1840,0,1440,1120,2240,360,0
18085,2,"18085X2","K0001","5662197",3420,1140,0,1200,1140,745,0
18085,2,"18085X2","K0001","5662200",4620,0,1550,1140,1200,745,0
18085,1,"18085X1","K0001","5662203",1840,0,1080,1120,2240,360,0
18085,5,"18085X5","K0001","5662206",6650,2410,0,950,280,1140,0
18085,2,"18085X2","K0001","5662210",3420,0,1550,1200,1140,745,0
18085,7,"18085X7","K0001","5662213",2460,0,0,260,960,1140,0
18085,1,"18085X1","K0001","5662217",1840,0,720,1120,2240,360,0
18085,1,"18085X1","K0001","5662220",1840,0,360,1120,2240,360,0
18085,7,"18085X7","K0001","5662224",2030,560,0,260,960,1140,0
18085,1,"18085X1","K0001","5662225",1840,0,0,1120,2240,360,0
18085,8,"18085X8","K0001","5662228",1220,0,1140,280,1140,480,0
18085,5,"18085X5","K0001","5662229",2460,1510,1140,950,300,1140,0
18085,8,"18085X8","K0001","5662230",1220,0,0,280,480,1140,0
18085,8,"18085X8","K0001","5662231",260,560,1820,1140,280,480,0
18085,5,"18085X5","K0001","5662232",1510,1810,1140,950,300,1140,0
18085,5,"18085X5","K0001","5662238",1510,1810,0,950,300,1140,0
18085,1,"18085X1","K0001","5662240",1120,2240,0,1120,360,2240,0
18085,5,"18085X5","K0001","5662242",9610,860,0,300,950,1140,0
18085,1,"18085X1","K0001","5662245",1480,1120,0,360,1120,2240,0
18085,5,"18085X5","K0001","5662253",9310,860,0,300,950,1140,0
18085,8,"18085X8","K0001","5662257",260,280,1820,1140,280,480,0
18085,5,"18085X5","K0001","5662260",9010,860,0,300,950,1140,0
18085,5,"18085X5","K0001","5662266",8710,860,0,300,950,1140,0
18085,5,"18085X5","K0001","5662269",8410,860,0,300,950,1140,0
18085,5,"18085X5","K0001","5662274",8110,860,0,300,950,1140,0
18085,5,"18085X5","K0001","5662278",7810,860,0,300,950,1140,0
18085,5,"18085X5","K0001","5662280",7510,860,0,300,950,1140,0
18085,5,"18085X5","K0001","5662282",7210,860,0,300,950,1140,0
18085,5,"18085X5","K0001","5662287",6910,860,0,300,950,1140,0
18085,5,"18085X5","K0001","5662291",6610,860,0,300,950,1140,0
18085,5,"18085X5","K0001","5662293",6310,860,0,300,950,1140,0
18085,5,"18085X5","K0001","5662298",6010,860,0,300,950,1140,0
18085,5,"18085X5","K0001","5662301",5710,860,0,300,950,1140,0
18085,5,"18085X5","K0001","5662305",5410,860,0,300,950,1140,0
18085,5,"18085X5","K0001","5662309",5110,860,0,300,950,1140,0
18085,5,"18085X5","K0001","5662311",4810,860,0,300,950,1140,0
18085,5,"18085X5","K0001","5662313",4510,860,0,300,950,1140,0
18085,5,"18085X5","K0001","5662317",4210,860,0,300,950,1140,0
18085,8,"18085X8","K0001","5662319",260,0,1820,1140,280,480,0
18085,5,"18085X5","K0001","5662322",3910,860,0,300,950,1140,0
18085,7,"18085X7","K0001","5662324",1510,1520,0,480,280,1140,0
18085,5,"18085X5","K0001","5662325",3610,860,0,300,950,1140,0
18085,5,"18085X5","K0001","5662326",3310,860,0,300,950,1140,0
18085,5,"18085X5","K0001","5662329",3010,860,0,300,950,1140,0
18085,5,"18085X5","K0001","5662335",2710,860,0,300,950,1140,0
18085,5,"18085X5","K0001","5662337",2410,860,0,300,950,1140,0
18085,5,"18085X5","K0001","5662341",2110,860,1140,300,950,1140,0
18085,5,"18085X5","K0001","5662342",2110,860,0,300,950,1140,0
18085,7,"18085X7","K0001","5662347",10160,2060,1700,1140,480,280,0
18085,7,"18085X7","K0001","5662349",10160,2060,1420,1140,480,280,0
18085,5,"18085X5","K0001","5662350",1810,860,1140,300,950,1140,0
18085,5,"18085X5","K0001","5662351",1810,860,0,300,950,1140,0
18085,7,"18085X7","K0001","5662356",10160,2060,1140,1140,480,280,0
18085,7,"18085X7","K0001","5662358",9880,2060,1140,280,480,1140,0
18085,5,"18085X5","K0001","5662359",1510,860,1140,300,950,1140,0
18085,5,"18085X5","K0001","5662361",1510,860,0,300,950,1140,0
18085,5,"18085X5","K0001","5662364",10360,560,0,300,950,1140,0
18085,7,"18085X7","K0001","5662365",9600,2060,1140,280,480,1140,0
18085,5,"18085X5","K0001","5662370",10060,560,0,300,950,1140,0
18085,5,"18085X5","K0001","5662371",3660,560,1140,300,950,1140,0
18085,7,"18085X7","K0001","5662372",10760,1780,1140,480,280,1140,0
18085,7,"18085X7","K0001","5662375",10280,1780,1140,480,280,1140,0
18085,5,"18085X5","K0001","5662379",3360,560,1140,300,950,1140,0
18085,5,"18085X5","K0001","5662381",3060,560,1140,300,950,1140,0
18085,5,"18085X5","K0001","5662382",2760,560,1140,300,950,1140,0
18085,7,"18085X7","K0001","5662383",9800,1780,1140,480,280,1140,0
18085,7,"18085X7","K0001","5662386",10760,1500,1140,480,280,1140,0
18085,5,"18085X5","K0001","5662387",2460,560,1140,300,950,1140,0
18085,5,"18085X5","K0001","5662388",1510,560,1140,950,300,1140,0
18085,7,"18085X7","K0001","5662393",10280,1500,1140,480,280,1140,0
18085,5,"18085X5","K0001","5662394",9110,560,0,950,300,1140,0
18085,7,"18085X7","K0001","5662395",9800,1500,1140,480,280,1140,0
18085,5,"18085X5","K0001","5662398",8160,560,0,950,300,1140,0
18085,5,"18085X5","K0001","5662399",7210,560,0,950,300,1140,0
18085,7,"18085X7","K0001","5662403",11360,1220,1140,280,480,1140,0
18085,5,"18085X5","K0001","5662405",6260,560,0,950,300,1140,0
18085,5,"18085X5","K0001","5662407",5310,560,0,950,300,1140,0
18085,5,"18085X5","K0001","5662408",4360,560,0,950,300,1140,0
18085,5,"18085X5","K0001","5662414",3410,560,0,950,300,1140,0
18085,5,"18085X5","K0001","5662416",2460,560,0,950,300,1140,0
18085,5,"18085X5","K0001","5662417",1510,560,0,950,300,1140,0
18085,5,"18085X5","K0001","5662421",560,2300,1140,950,300,1140,0
18085,5,"18085X5","K0001","5662424",560,1160,1800,950,1140,300,0
18085,5,"18085X5","K0001","5662425",560,1160,1500,950,1140,300,0
18085,5,"18085X5","K0001","5662426",560,1700,0,950,300,1140,0
18085,5,"18085X5","K0001","5662428",560,1160,1200,950,1140,300,0
18085,5,"18085X5","K0001","5662429",560,860,1200,950,300,1140,0
18085,5,"18085X5","K0001","5662430",560,560,1200,950,300,1140,0
18085,5,"18085X5","K0001","5662434",560,560,900,950,1140,300,0
18085,5,"18085X5","K0001","5662438",560,560,600,950,1140,300,0
18085,5,"18085X5","K0001","5662439",560,560,300,950,1140,300,0
18085,5,"18085X5","K0001","5662440",560,560,0,950,1140,300,0
18085,5,"18085X5","K0001","5662441",10880,300,0,1140,300,950,0
18085,5,"18085X5","K0001","5662447",0,2280,0,950,300,1140,0
18085,5,"18085X5","K0001","5662448",10880,0,0,1140,300,950,0
18085,5,"18085X5","K0001","5662449",10700,0,1800,1140,950,300,0
18085,7,"18085X7","K0001","5662450",10880,1220,1140,480,280,1140,0
18085,1,"18085X1","K0001","5662457",6200,1560,0,260,1120,1570,0
18085,7,"18085X7","K0001","5662462",10400,1220,1140,480,280,1140,0
18085,1,"18085X1","K0001","5662463",5940,1560,0,260,1120,1570,0
18085,7,"18085X7","K0001","5662465",9920,1220,1140,480,280,1140,0
18085,7,"18085X7","K0001","5662473",9320,2060,1140,280,480,1140,0
18085,7,"18085X7","K0001","5662487",9320,1780,1140,480,280,1140,0
18085,7,"18085X7","K0001","5662489",9320,1500,1140,480,280,1140,0
18085,5,"18085X5","K0001","5662507",5700,2410,0,950,280,1140,0
18085,7,"18085X7","K0001","5662511",9440,1220,1140,480,280,1140,0
18085,5,"18085X5","K0001","5662534",10700,0,1500,1140,950,300,0
18085,1,"18085X1","K0001","5662545",5680,1560,0,260,1120,1570,0
18085,5,"18085X5","K0001","5662546",10700,0,1200,1140,950,300,0
18085,5,"18085X5","K0001","5662550",10400,0,1200,300,950,1140,0
18085,5,"18085X5","K0001","5662552",10100,0,1200,300,950,1140,0
18085,5,"18085X5","K0001","5662557",9800,0,1200,300,950,1140,0
18085,4,"18085X4","K0001","5662559",1140,2540,0,950,134,1120,0
18085,4,"18085X4","K0001","5662564",3820,560,1200,134,1120,950,0
18085,1,"18085X1","K0001","5662568",5420,1560,0,260,1120,1570,0
18085,1,"18085X1","K0001","5662569",5160,1560,0,260,1120,1570,0
18085,4,"18085X4","K0001","5662570",8600,0,1200,1200,560,1140,0
18085,3,"18085X3","K0001","5662571",3550,0,1200,134,1120,950,0
18085,4,"18085X4","K0001","5662572",10880,0,0,1140,560,1200,0
18085,5,"18085X5","K0001","5662578",9500,0,1200,300,950,1140,0
18085,4,"18085X4","K0001","5662585",9740,0,0,1140,560,1200,0
18085,2,"18085X2","K0001","5662586",3269,1045,0,134,950,1120,0
18085,4,"18085X4","K0001","5662587",8600,0,0,1140,560,1200,0
18085,4,"18085X4","K0001","5662588",7460,0,1760,1140,1200,560,0
18085,2,"18085X2","K0001","5662591",3135,1045,0,134,950,1120,0
18085,5,"18085X5","K0001","5662592",9200,0,1200,300,950,1140,0
18085,2,"18085X2","K0001","5662594",2185,1045,0,950,134,1120,0
18085,2,"18085X2","K0001","5662595",10510,0,2185,950,1120,134,0
18085,2,"18085X2","K0001","5662596",9560,0,2185,950,1120,134,0
18085,2,"18085X2","K0001","5662597",8610,0,2185,950,1120,134,0
18085,4,"18085X4","K0001","5662598",7460,0,1200,1140,1200,560,0
18085,4,"18085X4","K0001","5662600",7460,0,0,1140,560,1200,0
18085,2,"18085X2","K0001","5662607",7660,1120,2185,950,1120,134,0
18085,4,"18085X4","K0001","5662615",6320,0,1760,1140,1200,560,0
18085,4,"18085X4","K0001","5662616",6320,0,1200,1140,1200,560,0
18085,2,"18085X2","K0001","5662617",7660,0,2185,950,1120,134,0
18085,4,"18085X4","K0001","5662619",6320,0,0,1140,560,1200,0
18085,2,"18085X2","K0001","5662623",6710,1120,2185,950,1120,134,0
18085,4,"18085X4","K0001","5662625",5180,0,1760,1140,1200,560,0
18085,4,"18085X4","K0001","5662627",5180,0,1200,1140,1200,560,0
18085,5,"18085X5","K0001","5662633",8900,0,1200,300,950,1140,0
18085,2,"18085X2","K0001","5662634",6710,0,2185,950,1120,134,0
18085,4,"18085X4","K0001","5662636",5180,0,0,1140,560,1200,0
18085,4,"18085X4","K0001","5662643",4040,0,1760,1140,1200,560,0
18085,2,"18085X2","K0001","5662651",5760,1120,2185,950,1120,134,0
18085,4,"18085X4","K0001","5662654",4040,0,1200,1140,1200,560,0
18085,4,"18085X4","K0001","5662667",4040,0,0,1140,560,1200,0
18085,4,"18085X4","K0001","5662676",2840,0,1140,1200,560,1140,0
18085,4,"18085X4","K0001","5662680",2840,0,0,1200,560,1140,0
18085,4,"18085X4","K0001","5662685",1700,0,0,1140,560,1200,0
18085,4,"18085X4","K0001","5662692",560,0,1200,1200,560,1140,0
18085,4,"18085X4","K0001","5662693",560,0,0,1140,560,1200,0
18085,4,"18085X4","K0001","5662697",0,1200,1200,560,1200,1140,0
18085,4,"18085X4","K0001","5662723",0,0,1200,560,1200,1140,0
18085,4,"18085X4","K0001","5662733",0,1140,0,560,1140,1200,0
18085,4,"18085X4","K0001","5662744",0,0,0,560,1140,1200,0
18085,3,"18085X3","K0001","5662753",10590,1120,560,1140,1200,560,0
18085,3,"18085X3","K0001","5662761",9450,1120,560,1140,1200,560,0
18085,3,"18085X3","K0001","5662772",8310,1120,560,1140,1200,560,0
18085,3,"18085X3","K0001","5662779",7170,1120,560,1140,1200,560,0
18085,3,"18085X3","K0001","5662785",6030,1120,560,1140,1200,560,0
18085,3,"18085X3","K0001","5662788",4890,1120,560,1140,1200,560,0
18085,3,"18085X3","K0001","5662797",3750,1120,560,1140,1200,560,0
18085,3,"18085X3","K0001","5662803",2610,1120,560,1140,1200,560,0
18085,3,"18085X3","K0001","5662809",10590,1120,0,1140,1200,560,0
18085,3,"18085X3","K0001","5662829",9450,1120,0,1140,1200,560,0
18085,3,"18085X3","K0001","5662841",8310,1120,0,1140,1200,560,0
18085,3,"18085X3","K0001","5662853",7170,1120,0,1140,1200,560,0
18085,3,"18085X3","K0001","5662863",6030,1120,0,1140,1200,560,0
18085,1,"18085X1","K0001","5677624",8000,1640,260,1140,300,1550,0
18085,1,"18085X1","K0001","5677625",5160,1300,0,1120,260,1570,0
18085,2,"18085X2","K0001","5677626",5760,0,2185,950,1120,134,0
18085,7,"18085X7","K0001","5677627",1770,560,0,260,960,1140,0
18085,5,"18085X5","K0001","5677629",8600,0,1200,300,950,1140,0
18085,2,"18085X2","K0001","5677630",300,2100,0,1120,134,950,0
18085,2,"18085X2","K0001","5677631",4480,1250,745,134,950,1120,0
18085,2,"18085X2","K0001","5677632",10745,1200,745,134,1120,950,0
18085,5,"18085X5","K0001","5677633",4750,2410,0,950,280,1140,0
18085,7,"18085X7","K0001","5677634",9040,1980,1140,280,480,1140,0
18085,1,"18085X1","K0001","5677637",5160,950,2170,950,1120,134,0
18085,7,"18085X7","K0001","5677638",9040,1500,1140,280,480,1140,0
18085,1,"18085X1","K0001","5677639",8000,1340,260,1140,300,1550,0
18085,1,"18085X1","K0001","5677640",7700,1340,260,300,1140,1550,0
18085,4,"18085X4","K0001","5677641",3520,560,1200,300,950,1140,0
18085,7,"18085X7","K0001","5677646",1510,560,0,260,960,1140,0
18085,7,"18085X7","K0001","5677650",8760,1720,1140,280,480,1140,0
18085,7,"18085X7","K0001","5677651",8960,1220,1140,480,280,1140,0
18085,1,"18085X1","K0001","5677655",5160,0,2170,1120,950,134,0
18085,7,"18085X7","K0001","5677657",8480,1720,1140,280,480,1140,0
18085,7,"18085X7","K0001","5677658",8480,1440,1140,480,280,1140,0
18085,7,"18085X7","K0001","5677669",1230,0,1420,960,1140,260,0
18085,1,"18085X1","K0001","5677670",7400,1340,260,300,1140,1550,0
18085,6,"18085X6","K0001","5677671",9940,2430,0,1140,260,960,0
18085,6,"18085X6","K0001","5677673",8980,2430,960,1140,260,960,0
18085,6,"18085X6","K0001","5677674",7840,2430,1140,1140,260,960,0
18085,6,"18085X6","K0001","5677676",8800,2430,0,1140,260,960,0
18085,6,"18085X6","K0001","5677677",7840,2430,0,960,260,1140,0
18085,6,"18085X6","K0001","5677678",6880,2430,1140,960,260,1140,0
18085,6,"18085X6","K0001","5677679",5920,2430,1140,960,260,1140,0
18085,6,"18085X6","K0001","5677680",6680,2430,0,960,260,1140,0
18085,6,"18085X6","K0001","5677682",4960,2430,1140,960,260,1140,0
18085,6,"18085X6","K0001","5677683",5720,2430,0,960,260,1140,0
18085,6,"18085X6","K0001","5677684",4760,2430,0,960,260,1140,0
18085,5,"18085X5","K0001","5677688",3800,2410,0,950,280,1140,0
18085,6,"18085X6","K0001","5677691",4000,2430,1140,960,260,1140,0
18085,1,"18085X1","K0001","5677692",1480,0,0,360,1120,2240,0
18085,5,"18085X5","K0001","5677693",1510,2410,1140,1140,280,950,0
18085,5,"18085X5","K0001","5677694",2850,2410,0,950,280,1140,0
18085,4,"18085X4","K0001","5677695",0,2280,0,1140,300,950,0
18085,1,"18085X1","K0001","5677696",7580,1040,260,1140,300,1550,0
18085,6,"18085X6","K0001","5677697",3040,2430,1140,960,260,1140,0
18085,3,"18085X3","K0001","5677698",3250,0,1200,300,1140,950,0
18085,1,"18085X1","K0001","5677699",360,0,1800,1120,2240,360,0
18085,1,"18085X1","K0001","5677701",4040,950,2170,1120,950,134,0
18085,1,"18085X1","K0001","5677702",4040,0,2170,1120,950,134,0
18085,3,"18085X3","K0001","5677703",4890,1120,0,1140,1200,560,0
18085,2,"18085X2","K0001","5677704",2280,0,1550,1140,1200,745,0
18085,3,"18085X3","K0001","5677706",11730,1120,950,300,1140,950,0
18085,2,"18085X2","K0001","5677707",2280,1200,0,745,1200,1140,0
18085,7,"18085X7","K0001","5677709",11700,960,1140,280,480,1140,0
18085,5,"18085X5","K0001","5677711",1900,2410,0,950,280,1140,0
18085,6,"18085X6","K0001","5677712",3800,2430,0,960,260,1140,0
18085,3,"18085X3","K0001","5677718",11730,1120,0,300,1140,950,0
18085,2,"18085X2","K0001","5677719",1140,1200,1550,1140,1200,745,0
18085,2,"18085X2","K0001","5677720",1140,0,1550,1140,1200,745,0
18085,3,"18085X3","K0001","5677721",0,2280,0,1140,300,950,0
18085,1,"18085X1","K0001","5677723",360,0,1440,1120,2240,360,0
18085,7,"18085X7","K0001","5677724",11700,2180,0,280,480,1140,0
18085,7,"18085X7","K0001","5677725",950,2180,1920,1140,480,280,0
18085,3,"18085X3","K0001","5677726",1490,2260,0,950,300,1140,0
18085,2,"18085X2","K0001","5677727",10510,0,1885,950,1140,300,0
18085,2,"18085X2","K0001","5677728",9560,0,1885,950,1140,300,0
18085,2,"18085X2","K0001","5677731",0,1200,1550,1140,1200,745,0
18085,2,"18085X2","K0001","5677733",0,0,1550,1140,1200,745,0
18085,1,"18085X1","K0001","5677734",360,0,1080,1120,2240,360,0
18085,1,"18085X1","K0001","5677742",360,0,720,1120,2240,360,0
18085,1,"18085X1","K0001","5677744",360,0,360,1120,2240,360,0
18085,1,"18085X1","K0001","5677746",6300,0,1570,1140,1200,745,0
18085,1,"18085X1","K0001","5677755",360,0,0,1120,2240,360,0
18085,1,"18085X1","K0001","5677759",0,2240,0,1120,360,2240,0
18085,1,"18085X1","K0001","5677774",0,1120,0,360,1120,2240,0
18085,2,"18085X2","K0001","5677783",8610,0,1885,950,1140,300,0
18085,2,"18085X2","K0001","5677786",7660,0,1885,950,1140,300,0
18085,5,"18085X5","K0001","5677787",0,2410,1140,480,280,1140,0
18085,1,"18085X1","K0001","5677791",0,0,0,360,1120,2240,0
18085,2,"18085X2","K0001","5677797",6710,0,1885,950,1140,300,0
18085,2,"18085X2","K0001","5677801",5760,0,1885,950,1140,300,0
18085,5,"18085X5","K0001","5677838",2650,2410,1140,480,280,1140,0
18085,5,"18085X5","K0001","5677845",560,2000,0,950,280,1140,0
18085,5,"18085X5","K0001","5677854",9500,2410,0,480,280,1140,0
18085,4,"18085X4","K0001","5677867",1140,2260,0,480,280,1140,0
18085,4,"18085X4","K0001","5677874",2320,280,1200,480,280,1140,0
18085,2,"18085X2","K0001","5677875",3530,1250,745,950,300,1140,0
18085,4,"18085X4","K0001","5677883",2320,0,1200,480,280,1140,0
18085,3,"18085X3","K0001","5677885",11750,560,1140,280,480,1140,0
18085,3,"18085X3","K0001","5677886",11750,560,0,280,480,1140,0
18085,2,"18085X2","K0001","5677891",4465,780,0,480,280,1140,0
18085,2,"18085X2","K0001","5677893",1140,2400,1550,1140,280,480,0
18085,2,"18085X2","K0001","5677894",3530,300,1200,1140,950,300,0
18085,2,"18085X2","K0001","5677897",0,2400,1550,1140,280,480,0
18085,2,"18085X2","K0001","5677898",1440,1440,1200,950,1140,300,0
18085,2,"18085X2","K0001","5677900",5365,745,0,480,280,1140,0
18085,2,"18085X2","K0001","5677903",2690,1550,1140,950,1140,300,0
18085,2,"18085X2","K0001","5677904",11460,0,1885,480,1140,280,0
18085,2,"18085X2","K0001","5677906",4465,300,0,280,480,1140,0
18085,2,"18085X2","K0001","5677908",2390,1550,1140,300,1140,950,0
18085,2,"18085X2","K0001","5677909",2390,1250,1140,950,300,1140,0
18085,2,"18085X2","K0001","5677911",2390,300,1200,1140,950,300,0
18085,2,"18085X2","K0001","5677912",11700,0,0,280,1140,480,0
18085,1,"18085X1","K0001","5677913",10480,900,0,480,280,1140,0
18085,1,"18085X1","K0001","5677914",11390,0,1830,480,1140,280,0
18085,1,"18085X1","K0001","5677915",11390,0,1550,480,1140,280,0
18085,1,"18085X1","K0001","5677918",6710,1380,1550,480,1140,280,0
18085,1,"18085X1","K0001","5677919",5160,1040,0,1120,260,1570,0
18085,2,"18085X2","K0001","5677920",4860,0,1200,950,1140,300,0
18085,1,"18085X1","K0001","5677923",5160,780,0,1120,260,1570,0
18085,2,"18085X2","K0001","5677924",1440,300,1200,950,1140,300,0
18085,2,"18085X2","K0001","5677925",3025,2280,0,1140,300,950,0
18085,2,"18085X2","K0001","5677927",11655,1200,0,300,1140,950,0
18085,1,"18085X1","K0001","5677929",11030,1550,600,950,1140,300,0
18085,1,"18085X1","K0001","5677930",6710,2370,1870,1140,280,480,0
18085,1,"18085X1","K0001","5677931",8390,1900,1810,1140,280,480,0
18085,1,"18085X1","K0001","5677932",11030,1550,300,950,1140,300,0
18085,1,"18085X1","K0001","5677933",11030,1550,0,950,1140,300,0
18085,1,"18085X1","K0001","5677934",6710,2090,1870,1140,280,480,0
18085,1,"18085X1","K0001","5677935",10730,1550,0,300,1140,950,0
18085,1,"18085X1","K0001","5677936",10430,1550,0,300,1140,950,0
18085,1,"18085X1","K0001","5677937",10430,1250,0,1140,300,950,0
18085,1,"18085X1","K0001","5677938",10130,1250,0,300,1140,950,0
18085,1,"18085X1","K0001","5677939",9830,1250,0,300,1140,950,0
18085,1,"18085X1","K0001","5677940",9530,1250,0,300,950,1140,0
18085,5,"18085X5","K0001","5677941",950,2410,0,950,280,1140,0
18085,1,"18085X1","K0001","5677942",9530,950,0,950,300,1140,0
18085,1,"18085X1","K0001","5677943",5160,520,0,1120,260,1570,0
18085,1,"18085X1","K0001","5677944",8390,950,1870,1140,950,300,0
18085,1,"18085X1","K0001","5677945",5160,260,0,1120,260,1570,0
18085,1,"18085X1","K0001","5677946",9830,2054,950,1120,134,950,0
18085,1,"18085X1","K0001","5677947",5160,0,0,1120,260,1570,0
18085,1,"18085X1","K0001","5677948",9830,1920,950,1120,134,950,0
18085,1,"18085X1","K0001","5677949",7440,950,1870,950,1140,300,0
18085,1,"18085X1","K0001","5677950",8580,0,1870,1140,950,300,0
18085,3,"18085X3","K0001","5677952",3750,1120,0,1140,1200,560,0
18085,1,"18085X1","K0001","5677953",9830,1786,950,1120,134,950,0
18085,3,"18085X3","K0001","5677954",2610,1120,0,1140,1200,560,0
18085,1,"18085X1","K0001","5677955",9830,1652,950,1120,134,950,0
18085,3,"18085X3","K0001","5677956",2050,1120,1200,560,1200,1140,0
18085,3,"18085X3","K0001","5677957",1490,1120,1200,560,1200,1140,0
18085,1,"18085X1","K0001","5677960",9830,1518,950,1120,134,950,0
18085,1,"18085X1","K0001","5677962",9830,1384,950,1120,134,950,0
18085,1,"18085X1","K0001","5677963",10090,1250,950,1120,134,950,0
18085,1,"18085X1","K0001","5677964",360,950,2160,950,1120,134,0
18085,3,"18085X3","K0001","5677967",2050,1120,0,560,1140,1200,0
18085,3,"18085X3","K0001","5677971",1490,1120,0,560,1140,1200,0
18085,1,"18085X1","K0001","5677972",360,0,2160,1120,950,134,0
18085,1,"18085X1","K0001","5677978",7440,0,1870,1140,950,300,0
18085,1,"18085X1","K0001","5677980",9140,2240,1400,1140,300,950,0
18085,3,"18085X3","K0001","5677981",2690,0,1200,560,1200,1140,0
18085,3,"18085X3","K0001","5677983",1490,560,1200,1200,560,1140,0
18085,3,"18085X3","K0001","5677986",10610,560,0,1140,560,1200,0
18085,1,"18085X1","K0001","5677987",8000,2240,1400,1140,300,950,0
18085,1,"18085X1","K0001","5677988",7440,0,1570,1140,950,300,0
18085,3,"18085X3","K0001","5677991",9470,560,0,1140,560,1200,0
18085,3,"18085X3","K0001","5677994",8330,560,0,1140,560,1200,0
18085,1,"18085X1","K0001","5677998",8700,0,1550,1140,950,300,0
18085,3,"18085X3","K0001","5677999",7190,560,0,1140,560,1200,0
18085,3,"18085X3","K0001","5678001",6050,560,0,1140,560,1200,0
18085,3,"18085X3","K0001","5678005",4910,560,0,1140,560,1200,0
18085,3,"18085X3","K0001","5678008",3770,560,0,1140,560,1200,0
18085,3,"18085X3","K0001","5678013",2630,560,0,1140,560,1200,0
18085,3,"18085X3","K0001","5678014",1490,560,0,1140,560,1200,0
18085,3,"18085X3","K0001","5678017",10730,0,1200,1200,560,1140,0
18085,1,"18085X1","K0001","5678018",8000,2540,1380,1120,134,950,0
18085,3,"18085X3","K0001","5678019",9530,0,1200,1200,560,1140,0
18085,1,"18085X1","K0001","5678021",8000,2540,260,950,134,1120,0
18085,3,"18085X3","K0001","5678023",10670,0,0,1140,560,1200,0
18085,3,"18085X3","K0001","5678025",9530,0,0,1140,560,1200,0
18085,3,"18085X3","K0001","5678027",8390,0,1760,1140,1200,560,0
18085,1,"18085X1","K0001","5678030",9140,2540,950,950,134,1120,0
18085,3,"18085X3","K0001","5678032",8390,0,1200,1140,1200,560,0
18085,3,"18085X3","K0001","5678035",8390,0,0,1140,560,1200,0
18085,1,"18085X1","K0001","5678037",9140,2540,0,1120,134,950,0
18085,3,"18085X3","K0001","5678038",7250,0,1760,1140,1200,560,0
18085,3,"18085X3","K0001","5678041",7250,0,1200,1140,1200,560,0
18085,1,"18085X1","K0001","5678042",7440,0,2170,950,1120,134,0
18085,3,"18085X3","K0001","5678044",7250,0,0,1140,560,1200,0
18085,3,"18085X3","K0001","5678045",6110,0,1760,1140,1200,560,0
18085,3,"18085X3","K0001","5678046",6110,0,1200,1140,1200,560,0
18085,3,"18085X3","K0001","5678047",6110,0,0,1140,560,1200,0
18085,3,"18085X3","K0001","5678048",4970,0,1760,1140,1200,560,0
18085,3,"18085X3","K0001","5678050",4970,0,1200,1140,1200,560,0
18085,3,"18085X3","K0001","5678052",4970,0,0,1140,560,1200,0
18085,3,"18085X3","K0001","5678054",3770,0,1140,1200,560,1140,0
18085,3,"18085X3","K0001","5678056",3770,0,0,1200,560,1140,0
18085,3,"18085X3","K0001","5678057",2630,0,0,1140,560,1200,0
18085,3,"18085X3","K0001","5678059",1490,0,1200,1200,560,1140,0
18085,3,"18085X3","K0001","5678061",1490,0,0,1140,560,1200,0
